{
  "Title": "MyBenchmarks.SortingAlgorithms-20230515-111408",
  "HostEnvironmentInfo": {
    "BenchmarkDotNetCaption": "BenchmarkDotNet",
    "BenchmarkDotNetVersion": "0.13.5",
    "OsVersion": "Windows 10 (10.0.19044.2965/21H2/November2021Update)",
    "ProcessorName": "Intel Core i5-8300H CPU 2.30GHz (Coffee Lake)",
    "PhysicalProcessorCount": 1,
    "PhysicalCoreCount": 4,
    "LogicalCoreCount": 8,
    "RuntimeVersion": ".NET 7.0.2 (7.0.222.60605)",
    "Architecture": "X64",
    "HasAttachedDebugger": true,
    "HasRyuJit": true,
    "Configuration": "RELEASE",
    "DotNetCliVersion": "7.0.102",
    "ChronometerFrequency": { "Hertz": 10000000 },
    "HardwareTimerKind": "Unknown"
  },
  "Benchmarks": [
    {
      "DisplayInfo": "SortingAlgorithms.SortingAlgorithm: DefaultJob",
      "Namespace": "MyBenchmarks",
      "Type": "SortingAlgorithms",
      "Method": "SortingAlgorithm",
      "MethodTitle": "SortingAlgorithm",
      "Parameters": "",
      "FullName": "MyBenchmarks.SortingAlgorithms.SortingAlgorithm",
      "HardwareIntrinsics": "AVX2,AES,BMI1,BMI2,FMA,LZCNT,PCLMUL,POPCNT VectorSize=256",
      "Statistics": {
        "OriginalValues": [ 98423160, 98110160, 98119580, 98224800, 98465000, 98134320, 98644660, 99061940, 98640160, 98527980, 98251140, 98330220, 97907580 ],
        "N": 13,
        "Min": 97907580,
        "LowerFence": 97543830,
        "Q1": 98134320,
        "Median": 98330220,
        "Mean": 98372361.53846154,
        "Q3": 98527980,
        "UpperFence": 99118470,
        "Max": 99061940,
        "InterquartileRange": 393660,
        "LowerOutliers": [],
        "UpperOutliers": [],
        "AllOutliers": [],
        "StandardError": 83984.85747096407,
        "Variance": 91694931697.4359,
        "StandardDeviation": 302811.7099740958,
        "Skewness": 0.6063195820052815,
        "Kurtosis": 2.71541603507691,
        "ConfidenceInterval": {
          "N": 13,
          "Mean": 98372361.53846154,
          "StandardError": 83984.85747096407,
          "Level": 12,
          "Margin": 362629.0855327352,
          "Lower": 98009732.4529288,
          "Upper": 98734990.62399428
        },
        "Percentiles": {
          "P0": 97907580,
          "P25": 98134320,
          "P50": 98330220,
          "P67": 98467519.2,
          "P80": 98595288,
          "P85": 98641060,
          "P90": 98643760,
          "P95": 98811572,
          "P100": 99061940
        }
      },
      "Measurements": [
        {
          "IterationMode": "Overhead",
          "IterationStage": "Jitting",
          "LaunchIndex": 1,
          "IterationIndex": 1,
          "Operations": 1,
          "Nanoseconds": 273400
        },
        {
          "IterationMode": "Workload",
          "IterationStage": "Jitting",
          "LaunchIndex": 1,
          "IterationIndex": 1,
          "Operations": 1,
          "Nanoseconds": 104650000
        },
        {
          "IterationMode": "Workload",
          "IterationStage": "Pilot",
          "LaunchIndex": 1,
          "IterationIndex": 1,
          "Operations": 2,
          "Nanoseconds": 218581300
        },
        {
          "IterationMode": "Workload",
          "IterationStage": "Pilot",
          "LaunchIndex": 1,
          "IterationIndex": 2,
          "Operations": 3,
          "Nanoseconds": 318026200
        },
        {
          "IterationMode": "Workload",
          "IterationStage": "Pilot",
          "LaunchIndex": 1,
          "IterationIndex": 3,
          "Operations": 4,
          "Nanoseconds": 428108000
        },
        {
          "IterationMode": "Workload",
          "IterationStage": "Pilot",
          "LaunchIndex": 1,
          "IterationIndex": 4,
          "Operations": 5,
          "Nanoseconds": 546650500
        },
        {
          "IterationMode": "Workload",
          "IterationStage": "Warmup",
          "LaunchIndex": 1,
          "IterationIndex": 1,
          "Operations": 5,
          "Nanoseconds": 528088600
        },
        {
          "IterationMode": "Workload",
          "IterationStage": "Warmup",
          "LaunchIndex": 1,
          "IterationIndex": 2,
          "Operations": 5,
          "Nanoseconds": 524999100
        },
        {
          "IterationMode": "Workload",
          "IterationStage": "Warmup",
          "LaunchIndex": 1,
          "IterationIndex": 3,
          "Operations": 5,
          "Nanoseconds": 527869800
        },
        {
          "IterationMode": "Workload",
          "IterationStage": "Warmup",
          "LaunchIndex": 1,
          "IterationIndex": 4,
          "Operations": 5,
          "Nanoseconds": 491940400
        },
        {
          "IterationMode": "Workload",
          "IterationStage": "Warmup",
          "LaunchIndex": 1,
          "IterationIndex": 5,
          "Operations": 5,
          "Nanoseconds": 489084000
        },
        {
          "IterationMode": "Workload",
          "IterationStage": "Warmup",
          "LaunchIndex": 1,
          "IterationIndex": 6,
          "Operations": 5,
          "Nanoseconds": 489265400
        },
        {
          "IterationMode": "Workload",
          "IterationStage": "Warmup",
          "LaunchIndex": 1,
          "IterationIndex": 7,
          "Operations": 5,
          "Nanoseconds": 490827400
        },
        {
          "IterationMode": "Workload",
          "IterationStage": "Warmup",
          "LaunchIndex": 1,
          "IterationIndex": 8,
          "Operations": 5,
          "Nanoseconds": 515139200
        },
        {
          "IterationMode": "Workload",
          "IterationStage": "Warmup",
          "LaunchIndex": 1,
          "IterationIndex": 9,
          "Operations": 5,
          "Nanoseconds": 495332000
        },
        {
          "IterationMode": "Workload",
          "IterationStage": "Actual",
          "LaunchIndex": 1,
          "IterationIndex": 1,
          "Operations": 5,
          "Nanoseconds": 492115800
        },
        {
          "IterationMode": "Workload",
          "IterationStage": "Actual",
          "LaunchIndex": 1,
          "IterationIndex": 2,
          "Operations": 5,
          "Nanoseconds": 490550800
        },
        {
          "IterationMode": "Workload",
          "IterationStage": "Actual",
          "LaunchIndex": 1,
          "IterationIndex": 3,
          "Operations": 5,
          "Nanoseconds": 490597900
        },
        {
          "IterationMode": "Workload",
          "IterationStage": "Actual",
          "LaunchIndex": 1,
          "IterationIndex": 4,
          "Operations": 5,
          "Nanoseconds": 491124000
        },
        {
          "IterationMode": "Workload",
          "IterationStage": "Actual",
          "LaunchIndex": 1,
          "IterationIndex": 5,
          "Operations": 5,
          "Nanoseconds": 492325000
        },
        {
          "IterationMode": "Workload",
          "IterationStage": "Actual",
          "LaunchIndex": 1,
          "IterationIndex": 6,
          "Operations": 5,
          "Nanoseconds": 490671600
        },
        {
          "IterationMode": "Workload",
          "IterationStage": "Actual",
          "LaunchIndex": 1,
          "IterationIndex": 7,
          "Operations": 5,
          "Nanoseconds": 509054000
        },
        {
          "IterationMode": "Workload",
          "IterationStage": "Actual",
          "LaunchIndex": 1,
          "IterationIndex": 8,
          "Operations": 5,
          "Nanoseconds": 493223300
        },
        {
          "IterationMode": "Workload",
          "IterationStage": "Actual",
          "LaunchIndex": 1,
          "IterationIndex": 9,
          "Operations": 5,
          "Nanoseconds": 498740600
        },
        {
          "IterationMode": "Workload",
          "IterationStage": "Actual",
          "LaunchIndex": 1,
          "IterationIndex": 10,
          "Operations": 5,
          "Nanoseconds": 495309700
        },
        {
          "IterationMode": "Workload",